Job Role,Broad Job Role
Software Engineer,Software Engineer
Consultant,Consulting
Product Manager,Product
Software Developer,Software Engineer
Software Engineer II,Software Engineer
Senior Software Engineer,Software Engineer
Data Scientist,Data Scientist
Senior Consultant,Consulting
Associate Consultant,Consulting
Engineer,Engineer
Software Engineer I,Software Engineer
Software Engineer III,Software Engineer
Engagement Manager,Consulting
"Manager, Consulting",Consulting
Data Engineer,Data Engineer
Software Developer II,Software Engineer
Business Analyst,Analyst
Analyst Software Engineer,Software Engineer
Associate Software Engineer,Software Engineer
Program Manager,Program Manager
Consultant - Business Consulting,Consulting
Applications Developer,Applications Developer/Engineer
Analyst - Business Consulting,Consulting
Senior Data Scientist,Data Scientist
Software Development Engineer,Software Engineer
Engineering Manager,Engineer
UX Designer,Designer
Software Development Engineer II,Software Engineer
Sales,Misc
Senior Software Developer,Software Engineer
Software Developer I,Software Engineer
"Manager, Business Consulting",Consulting
Senior Associate Business Consulting,Consulting
Data Analyst,Analyst
Product Designer,Product
Associate - Financial Analyst,Analyst
Software Developer III,Software Engineer
Project Manager,Misc
Staff Software Engineer,Software Engineer
Senior Product Manager,Product
Senior Associate Software Engineer,Software Engineer
Software Analyst,Analyst
"Senior Manager, Consulting",Consulting
Technology Consultant,Consulting
Manager - Applications Development,Applications Developer/Engineer
Produce Manager,Misc
Product Analyst,Analyst
Software Development Engineer I,Software Engineer
Designer,Designer
Management Consultant,Consulting
Technology Associate,Business Technology
Machine Learning Engineer,Data Scientist
Finance,Finance
Software Analyst Developer,Analyst
Advisory Software Engineer,Software Engineer
Senior Engineer,Engineer
Principal Engineer,Engineer
Software Development Engineer III,Software Engineer
Software Applications Developer,Software Engineer
Software Applications Engineer,Software Engineer
"Analyst, Investment Banking",Analyst
Tax Senior Associate,Consulting
Principal Software Engineer,Software Engineer
Full Stack Developer,Software Engineer
Account Manager,Misc
Software Applications Engineer I,Software Engineer
Senior Software Development Engineer,Software Engineer
Vice President - Applications Development Manager,Applications Developer/Engineer
Solutions Architect,Misc
Data Scientist II,Data Scientist
Recruiter,HR
Marketing Manager,Misc
Vice President - Finance,Finance
Hardware Engineer,Engineer
Software Engineer IV,Software Engineer
DevOps Engineer,Software Engineer
Associate Software Developer,Software Engineer
Senior Software Back End Engineer,Software Engineer
Associate Business Analyst,Analyst
Vice President Engineer Lead,Engineer
Data Engineer III,Data Engineer
Principal Product Manager,Product
Technology Analyst,Analyst
Mobile Developer,Software Engineer
Director of Product Development,Product
Technical Program Manager,Program Manager
"VP, Corporate Development",Misc
Account Executive,Misc
Research Scientist,Misc
Software Back End Engineer,Software Engineer
"Manager, Business Analytics",Analyst
Production Engineer,Product
Business Technology Analyst,Analyst
Busineess Analyst,Analyst
Data Scientist I,Data Scientist
Assistant Vice President - IT,Software Engineer
Engineering Director,Engineer
Software Architect,Software Engineer
Cloud Engineer,Business Technology
Data Scientist Manager,Data Scientist
Business Analytics Manager,Analyst
"Senior Associate, Data Scientist",Data Scientist
Staff Engineer,Engineer
"Manager, Risk / Compliance",Misc
Audit Senior,Misc
Consulting Manager,Consulting
Director Business Development,Consulting
Associate Auditor,Consulting
Senior Consultant II,Consulting
Technical Recruiter,HR
Senior Product Designer,Product
Audit Associate,Consulting
Financial Analyst,Analyst
Cyber Security Manager,Misc
Product Manager II,Product
Software Applications Engineer II,Software Engineer
Risk Analyst,Analyst
"Analyst, Risk / Compliance",Analyst
Strategy Consultant,Consulting
Quantitative Analyst,Analyst
Cyber Security Analyst,Analyst
Product Marketing Manager,Product
"Analyst, Consulting",Consulting
Engineer III,Engineer
Engineering Manager II,Engineer
Talent Acquisition,HR
Senior Program Manager,Program Manager
Vice President Applications Developer Lead,Applications Developer/Engineer
Business Technology Associate,Business Technology
Engineer I,Engineer
"Senior Manager, IT",Software Engineer
Management Consultant Manager,Consulting
Executive Director - IT,Software Engineer
Director of Consulting Services,Consulting
"Partner, Consulting",Consulting
Software Applications Engineer III,Software Engineer
Lead Software Engineer,Software Engineer
Software Engineering,Software Engineer
UX Researcher,Misc
Project Lead,Misc
Machine Learning Scientist,Data Scientist
IT Senior Associate,Consulting
Site Reliability Engineer,Engineer
Human Resources,HR
IC Design Engineer,Engineer
Research Analyst,Analyst
"Data Scientist, Analytics",Data Scientist
Finance Manager,Finance
Management Consultant Associate,Consulting
"Associate, Consulting",Consulting
Risk Management,Misc
Engineer II,Engineer
Principal Consultant,Consulting
Tax Associate,Consulting
Principal Software Development Engineer,Software Engineer
"Manager, Business Operations",Business Operations
Senior Engineering Manager,Engineer
Entry Level Application Developer,Applications Developer/Engineer
Strategy Manager,Misc
Applications Architect,Applications Developer/Engineer
Senior Data Engineer,Data Engineer
Security Engineer,Engineer
Technical Product Manager,Product
Senior Analyst Software Engineer,Software Engineer
Data Analyst II,Analyst
"Senior Manager, Engineering",Engineer
Director of Software Development,Software Engineer
Senior Consultant Team Lead,Consulting
Senior Business Analyst,Analyst
Marketing Analyst,Analyst
Marketing Associate,Consulting
Android Developer,Software Engineer
Senior Data Analyst,Analyst
Senior UX Designer,Designer
Staff Software Developer,Software Engineer
Business Manager,Analyst
"Engineer I, Software Development & Engineering",Software Engineer
Senior Accountant,Misc
Consultant - Business Technology Integration,Consulting
Senior Software Engineer - Mobile,Software Engineer
Technical Sales Specialist,Misc
Product Manager III,Product
Sales & Business Development Manager,Consulting
Product Manager Associate,Product
Solutions Engineer,Engineer
"Senior Manager, Applications Engineering",Applications Developer/Engineer
"Associate, Investment Banking",Consulting
Cloud Developer,Software Engineer
Software Engineer Manager,Software Engineer
Vice President - Program Manager,Program Manager
Senior Manager - Finance,Finance
Associate Business Consultant,Consulting
"Senior Manager, Software Engineering",Software Engineer
Vice President - Investment Bank Technology,Misc
Data Engineer II,Data Engineer
Quantitative Researcher,Misc
Tax Manager,Misc
Solutions Analyst,Analyst
UX Design Lead,Designer
Technical Analyst,Analyst
Software Development Manager,Software Engineer
Financial Advisor,Misc
"Manager, Data Analysis",Analyst
Engagement Manager Team Leader,Misc
Senior Manager Product Development,Product
Audit Manager,Misc
"Analyst, Asset Management",Analyst
Data Science Engineer,Data Scientist
Senior DevOps Engineer,Software Engineer
Principal Software Developer,Software Engineer
"Manager, Finance and Accounting",Finance
Vice President - Business Analyst,Analyst
Software Engineering Manager,Software Engineer
"Senior Manager, Business Consulting",Consulting
Security Consultant,Consulting
IC Design Engineer IV,Engineer
Software Applications Engineer IV,Software Engineer
Hardware Design Engineer,Engineer
Associate Data Scientist,Data Scientist
Customer Success Manager,Misc
"Manager, Software Development",Software Engineer
Senior Managing Consultant,Consulting
Senior Software Engineer I,Software Engineer
"Manager, Software Engineering",Software Engineer
"Manager, Data Engineering",Data Engineer
Project Management Consultant,Consulting
"Senior Manager, Strategy & Operations",Misc
Cloud Architect,Software Engineer
Senior Technical Program Manager,Program Manager
Senior Analyst - Customer Analytics,Analyst
Program Manager III,Program Manager
Senior Product Manager - Technical,Product
QA Automation Engineer,Engineer
Senior Front End Engineer,Software Engineer
"Senior Manager, Product Management",Product
Operations Analyst,Analyst
Trader,Misc
Marketing Campaign Manager,Misc
Associate Engineer,Engineer
Senior Auditor,Misc
Senior Associate Business Analyst,Analyst
"Vice President, Technology",Misc
Associate Applications Developer,Applications Developer/Engineer
"Engineer, Senior",Engineer
IT Manager,Misc
"Senior Manager, Data Science",Data Scientist
Senior Associate Software Developer,Software Engineer
Associate - Quantitative Research,Consulting
Support Engineer,Engineer
"Manager, Tax",Misc
Risk Manager,Misc
"Senior Associate, Risk Management",Consulting
"Vice President, Engineering",Engineer
Associate Product Manager,Product
Sales Engineer,Engineer
Senior Principal Engineer,Engineer
Senior Engineer I,Engineer
Product Owner Manager,Product
Learning and Development,Misc
Software Developer V,Software Engineer
Director of Business Strategy,Misc
"Analyst I, Business Support and Analytics",Analyst
"Product Manager, Technology",Product
Operation Analyst,Analyst
Engineer Associate,Engineer
Automation Engineer,Engineer
ASIC Design Engineer,Software Engineer
Credit Risk Analyst,Analyst
Business Analyst - Strategy and Operations,Analyst
"Managing Director, Consulting",Consulting
Marketing & Communication Manager,Misc
"Manager, Finance",Finance
Delivery Manager,Misc
Tax Consultant,Consulting
Senior Principal Software Engineer,Software Engineer
UX Lead,Misc
Content Designer,Designer
Risk Consultant,Consulting
"Executive Director, Technology",Misc
Client Success Manager,Misc
Senior Systems Analyst,Analyst
Software Applications Architect,Software Engineer
Data Analysis Manager,Analyst
Manager of Sales,Misc
"Senior Analyst, Risk / Compliance",Analyst
Staff Consultant,Consulting
Sales Account Executive,Misc
"Analyst, Financial Planning and Analysis",Analyst
"Director of Engineering, Front-End",Business Technology
Entry Level Software Developer,Software Engineer
"Senior Developer, Business Intelligence",Software Engineer
Scrum Master,Misc
UX Designer I,Designer
Recruiter III,Misc
Solutions Consultant,Consulting
"Manager, Supply Chain Management",Misc
Auditor,Misc
Senior Engineer II,Engineer
Senior Tax Accountant,Misc
Systems Analyst,Analyst
HR Director,HR
Business Analyst/Senior Associate,Analyst
Manager Business & Legal Affairs,Misc
Senior Consultant I,Consulting
Senior Designer,Designer
"Analyst, Corporate Banking",Analyst
"Business Analyst, Senior Associate",Analyst
"Associate, Quantitative Strategist",Consulting
Senior Associate Project Manager,Consulting
Director of Finance,Finance
Software Consultant,Consulting
R&D Engineer,Engineer
UX Designer II,Designer
Data Analytics Engineer,Data Engineer
Strategy Analyst,Analyst
Executive Assistant,Misc
"Senior Manager, IT Consultant",Consulting
Mobile Applications Developer,Applications Developer/Engineer
Senior Account Executive,Misc
Vice President Senior Applications Developer,Applications Developer/Engineer
"Senior Software Engineer, Tech Lead",Software Engineer
Research Engineer,Data Engineer
Business Analyst I,Analyst
Solutions Specialist,Misc
Researcher,Misc
HR Business Partner,HR
Director Business Operations,Business Operations
Director of Business Operations,Business Operations
"Director, Analytics Consulting",Consulting
"Software Engineer, Associate",Software Engineer
"Senior Analyst, Consulting",Consulting
Firmware Engineer,Engineer
Cloud Solution Architect,Software Engineer
"Manager, Human Resources Data & Analytics",Analyst
Marketing Director,Misc
Strategy Senior Manager,Misc
Product Owner,Product
Associate Financial Analyst,Analyst
Senior Software Applications Engineer,Software Engineer
Entry Level Instructional Designer,Designer
BI Analyst,Analyst
Technical Consultant,Consulting
Analytics Engineer,Data Engineer
Sales Director,Misc
"Associate Director, Business Development",Consulting
Product Manager/Strategy - Product Development,Product
"Director, Product Management",Product
Technology Consulting Senior Manager,Consulting
Test Engineer,Engineer
Software Developer In Test,Software Engineer
Supply Chain Manager,Misc
Stock Broker,Misc
Front-End Developer,Software Engineer
Engagement Leader,Misc
"Senior Software Developer, Team Lead",Software Engineer
Operation Services,Misc
Product Engineer,Product
Mobile Engineer,Engineer
Marketing Strategist,Misc
Executive Director - Finance,Finance
"Manager, Software Development & Engineering",Software Engineer
Front-End Web Developer,Web Developer
"Software Engineer, Staff",Software Engineer
Customer Engineer,Engineer
Janitor,Misc
Partner Account Manager,Misc
Director of Development,Misc
"Software Engineer, Front End",Software Engineer
Tax Accountant,Misc
Data Engineer Manager,Data Engineer
Senior Staff Engineer,Engineer
"Associate, Investment Banking Division",Consulting
Associate Data Engineer,Data Engineer
Applied Scientist,Misc
Product Manager I,Product
IT Specialist,Misc
"Manager, Actuarial Science",Misc
Sales Development Representative,Misc
Senior Financial Analyst,Analyst
Product Manager/Strategy,Product
Senior Director Product Marketing,Product
Business Systems Analyst - Advisory,Analyst
HR Associate,HR
Program Manager - IT,Software Engineer
HR Analyst,HR
Associate Accountant,Consulting
Senior Marketing Analyst,Analyst
"Manager, Account Management",Misc
Associate Consultant Process & Domain,Consulting
Director of Business Development,Misc
Transaction Services Associate,Consulting
Director Business Development & Strategy,Misc
"Director, Consulting",Consulting
UX Design Engineer,Engineer
Digital Product Manager,Product
IT Manager/Tech Lead,Misc
Senior Cyber Security Engineer,Software Engineer
Software Developer IV,Software Engineer
Cyber Security Engineer,Software Engineer
"Director, Data Scientist",Data Scientist
Cloud Support Engineer II,Business Technology
Business Development,Misc
Technical Solution Architect,Misc
Lead Engineer,Engineer
Audit Analyst,Analyst
QA Engineer,Engineer
"Director, Risk Management",Misc
Partnership Manager,Misc
Full Stack Engineer,Business Technology
Applications Development Manager,Applications Developer/Engineer
Senior Manager of Marketing,Misc
Senior Software Engineer II,Software Engineer
"Manager, Business Development and Strategy",Misc
"Director, Management Consulting",Consulting
Applications Consultant,Consulting
Quantitative Software Engineer,Software Engineer
"Vice President, Analytics Management",Misc
Technical Lead,Misc
Software Design Engineer I,Software Engineer
Enterprise Account Executive,Misc
Client Support Specialist,Misc
Senior Engagement Manager,Misc
Senior Security Engineer,Engineer
Machine Learning Scientist II,Data Scientist
Business Consultant III,Consulting
Vice President Applications Developer Manager,Applications Developer/Engineer
Account Associate,Consulting
Software Design Engineer II,Software Engineer
"Engineer II, Software Development & Engineering",Software Engineer
Staff Accountant,Misc
Marketing Consultant,Consulting
Principal Program Manager,Program Manager
Full Stack Software Engineer,Software Engineer
Principal ASIC Design Engineer,Engineer
Accountant,Misc
Engineering Manager I,Engineer
IOS Engineer,Software Engineer
Data Analyst I,Analyst
Finance Associate,Finance
"Manager, Technology Development",Misc
UI Designer II,Designer
Technical Advisor,Misc
HR Manager,HR
Director Business Intelligence,Misc
Specialist IT Applications Development,Applications Developer/Engineer
Program Manager II,Program Manager
Assistant Vice President - Business Analyst,Analyst
Assistant Director,Misc
Demand Planner,Misc
Systems Engineer,Engineer
"Manager, Marketing",Misc
"Analyst, Actuarial Science",Analyst
Infrastructure Engineer,Engineer
Finance Analyst,Analyst
Client Service Associate,Consulting
Test Automation Engineer,Software Engineer
"Engineer III, Software Development & Engineering",Software Engineer
Communication Specialist,Misc
"Senior Software Engineer, Web Development",Software Engineer
"Analyst, Sales and Trading",Analyst
Hardware Engineer III,Engineer
Hardware Developer,Software Engineer
Market Manager,Misc
Master Engineer,Engineer
Senior Risk Manager,Misc
Project Manager - IT,Software Engineer
Staff Data Engineer,Data Engineer
Business Intelligence Engineer,Software Engineer
Associate Web Developer,Web Developer
Associate - Private Bank,Consulting
Applications Developer I,Applications Developer/Engineer
R&D Software Engineer,Software Engineer
Consultant/Project Manager,Consulting
"Senior Manager, Operations",Misc
Director of Accounting,Misc
Administrative Assistant,Misc
"Vice President, Investment Banking",Misc
"Vice President, Legal Counsel",Misc
Account Operations Manager,Misc
Finance Director,Finance
IOS Software Engineer,Software Engineer
Executive Recruiter,Misc
Benefits Analyst,Analyst
Network Engineer IV,Engineer
Manager - Overseas Finance,Finance
Engineering Group Manager,Engineer
"Senior Manager, Applications Development",Applications Developer/Engineer
Production Support Analyst,Analyst
UI Developer,Software Engineer
Distinguished Software Engineer,Software Engineer
Principal Data Analyst,Analyst
Quantitative Analyst / Financial Engineer,Analyst
Audit Assistant,Misc
"Assistant Vice President, Risk Management",Misc
Senior Infrastructure Engineer,Engineer
"Manager, Corporate Services",Misc
Senior Auditor II,Misc
Risk Analyst II,Analyst
Senior Finance Manager,Finance
Director Business Intelligence & Data Warehousing,Misc
DevOps Engineer II,Business Technology
Associate Legal Counsel,Consulting
Hardware Engineering Manager,Engineer
Business Operations,Business Operations
"Associate Director, Delivery Management",Consulting
Senior Software Architect,Software Engineer
"Analyst II, Business Support and Analytics",Analyst
"Vice President, Product Management",Product
Vice President Operational Risk,Misc
Assistant Vice President Quantitative Finance Analyst,Analyst
"Manager, Applications Engineer",Applications Developer/Engineer
Business Development Associate,Consulting
HR Generalist,HR
Brand Marketing Manager,Misc
"Director, Applications Management",Applications Developer/Engineer
Operational Risk Analyst,Analyst
"Analyst, Commercial Banking",Analyst
Senior Finance Analyst,Analyst
Customer Service and Sales Representative,Misc
"Vice President, IT",Misc
Software Backend Compiler Engineer,Software Engineer
Finance & Business Management Analyst,Analyst
Technical Delivery Manager,Misc
Finance & Operations Manager,Finance
Product Marketing Manager III,Product
Production Engineering Manager,Product
Mechatronics Engineer,Engineer
Customer Insights Manager,Misc
Associate Manager Risk Analytics,Consulting
Operations Associate,Business Operations
Product Operations Specialist,Product
Marketing Head,Misc
"Senior Manager, UX",Misc
"Manager, Systems Engineering",Engineer
Customer Service,Misc
Director of Business Services,Misc
Project Management Manager,Misc
Architecture Engineer,Engineer
"Senior Manager, Business Operations",Business Operations
Business Program Manager,Program Manager
Banking Analyst,Analyst
Creative Producer,Misc
Marketing Brand Manager,Misc
"Associate, Actuarial Science",Consulting
"Senior Analyst, Actuarial Science",Analyst
Fraud Investigator,Misc
"Analyst, Real Estate",Analyst
"Senior Manager, Data Management",Misc
"Assistant Vice President, Client Account Management",Misc
"Director, Human Resources",Misc
"Vice President, Finance",Finance
Software Engineering Associate,Software Engineer
Visual Designer,Designer
Lead Software Developer,Software Engineer
Director of Marketing and Communications,Misc
"Director, Strategy",Misc
Technical Associate,Consulting
Data Analyst/Associate,Analyst
"Senior Manager, Program Management",Program Manager
Senior Software Engineer - Platform,Software Engineer
IOS Developer,Software Engineer
Staff Data Scientist,Data Scientist
UX Design Manager,Designer
Site Reliability Engineer II,Engineer
Senior Software Engineer In Test,Software Engineer
Director of Professional Services,Misc
"Assistant Vice President, Software Engineer",Software Engineer
"Vice President, Risk / Compliance",Misc
Sales Strategy Manager,Misc
Mechanical Engineer,Engineer
"Software Engineer, Analyst",Software Engineer
Operations Senior Analyst,Analyst
"Executive Director, Program Management",Program Manager
Technology Manager,Misc
IC Design Engineer III,Engineer
Business Consultant,Consulting
Customer Success,Misc
Financial and Business Associate,Consulting
Strategy & Business Development,Consulting
Full Stack Software Developer,Software Engineer
Hardware Applications Engineer,Applications Developer/Engineer
"Principal Engineer, IC Design",Engineer
National Account Manager,Misc
Senior QA Automation Engineer,Software Engineer
"Vice President, Senior Software Engineer",Software Engineer
Graphic Designer I,Designer
"Software Engineer II, Quality",Software Engineer
Equity Research,Misc
R&D Test Engineer,Engineer
Tax Senior,Misc
Senior Software Manager,Software Engineer
R&D Developer,Software Engineer
Senior Electrical Engineer,Engineer
Solutions Architecture,Misc
Program Director,Misc
Vice President - Project Manager,Misc
Program Consultant,Consulting
Quantitative Trader,Misc
Management Consultant Associate II,Consulting
Consulting Engineer,Consulting
Supply Chain Planner,Misc
Legal Counsel,Misc
Associate Risk,Consulting
Lead Data Engineer,Data Engineer
Digital Strategy Manager,Misc
IT Project Leader,Misc
Global Commodity Manager,Misc
Management Consulting Leader,Consulting
Management Consulting Manager,Consulting
Marketing Lead,Misc
Technical Director,Misc
"Manager, QA",Misc
"Director, Software Engineering",Software Engineer
Accounting,Misc
Business Analytics Solutions Architect,Analyst
"Manager, Operations Engineering",Engineer
Accounting Manager,Misc
Software Development Engineer In Test Lead,Software Engineer
Financial Consultant,Consulting
"Director, Business Analysis",Misc
"Manager, Strategy & Business Development",Misc
Senior Principal Consultant,Consulting
"Managing Director, Risk / Compliance",Misc
UX Analyst,Analyst
Tax Attorney,Misc
Senior Business Consultant,Consulting
"Senior Manager, Tax",Misc
Communications Manager,Misc
Technology Consulting Manager,Consulting
Technology Consultant II,Consulting
Recruiting Manager,Misc
Test Specialist,Misc
"Software Engineer, Senior Consultant",Consulting
"Engineer, Senior Staff",Engineer
Talent Acquisition Manager,Misc
Senior Equity Research Analyst,Analyst
Pre-Sales,Misc
Audit Staff,Misc
IT Administrator,Misc
Senior Applications Developer,Applications Developer/Engineer
IT Senior Analyst,Analyst
"Senior Consultant, Project Manager",Consulting
UX/UI Designer,Designer
Sales Executive,Misc
Business Analyst - Lead,Analyst
Business Development Consultant,Consulting
Lead Security Engineer,Engineer
Executive Account Manager,Misc
Business Operations Associate,Analyst
"Executive Director, Software Engineering Manager",Software Engineer
BI Engineer,Engineer
Experienced UX Designer,Designer
Software Development Manager II,Software Engineer
Manager Global Marketing Analytics,Misc
Program Lead,Misc
"Software Engineer I, Quality",Software Engineer
Agile Project Manager,Misc
"Senior Manager, Business Development",Misc
Travel Consultant Manager,Consulting
Design Engineer,Engineer
Associate Account Strategist,Consulting
Solutions Manager,Misc
Process Analyst,Analyst
Professional Services Consultant,Consulting
Senior Client Partner,Misc
Marketing Generalist,Misc
Technical Specialist,Misc
Strategy Associate,Consulting
Business Analysis Manager,Misc
Senior Business Analyst Manager,Analyst
Director Sales,Misc
Senior Management Consultant,Consulting
Management Consulting Analyst,Consulting
Management Consulting Senior Manager,Consulting
Manufacturing Engineer,Engineer
Risk Management Director,Misc
Technical Specialist II,Misc
Product Consultant,Consulting
Data Administrator,Misc
Security Architect,Misc
Account Manager III,Misc
Senior Front End Developer,Software Engineer
Solutions Consultant I,Consulting
Senior Finance Associate,Finance
Vice President Corporate & Investment Bank Technology,Misc
Cloud Support Associate,Consulting
DSP Engineer,Engineer
Firmware Engineer II,Engineer
IT Architect Manager,Misc
Senior Business Consulting Associate,Consulting
Software Test Engineer I,Software Engineer
Solutions Architect II,Misc
Senior Associate Quantitative Analysis,Consulting
"Manager, Platform Services and Tools",Misc
Senior Account Director,Misc
"Vice President, Software Engineering",Software Engineer
Cloud Engineer II,Business Technology
"Manager, Risk Analytics",Misc
Client Advisor,Misc
Product Delivery Manager,Product
Supply Chain Engineer,Engineer
Big Data Engineer,Data Engineer
Product Manager IV,Product
Strategy Director,Misc
"Vice President, Asset Management",Misc
Software Design Engineer,Software Engineer
Senior Business Manager,Misc
Senior Software Development Manager,Software Engineer
"Senior MTS, Quality Assurance",Misc
UX Research,Misc
Associate Data Analyst,Analyst
Package Design Engineer,Engineer
Security Analyst,Analyst
Tax Specialist,Misc
Senior Manager Market Intelligence,Misc
"Associate, Private Equity",Consulting
Senior Research Analyst,Analyst
Senior Client Manager,Misc
Associate BI Developer,Software Engineer
Strategic Planning Senior Analyst,Analyst
Client Manager,Misc
Senior Tax Specialist,Misc
Senior Accounting Associate,Consulting
Associate Management Consultant,Consulting
"Senior Manager, Risk Analytics",Misc
Technology Strategy Consultant,Consulting
"Managing Director, Private Equity",Misc
Special Services Associate,Consulting
Senior Software Analyst,Analyst
IT Support Specialist,Misc
Lead Product Designer,Product
Sales Manager,Misc
"Vice President, Sales",Misc
Lead Business Analyst,Analyst
Human Capital Management Consultant,Consulting
Product Developer Manager,Product
Research Director,Misc
Auditor II,Misc
Customer Analytics Manager,Misc
Senior Associate - Human Resources,Consulting
"Software Engineer, Specialist",Software Engineer
Sale Manager,Misc
Insurance,Misc
Head Business Technology Analyst,Analyst
Senior Account Manager,Misc
Associate Technical Consultant,Consulting
Information Technology Engineer,Business Technology
Operations Specialist I,Misc
"Associate Manager, Sales Operations",Consulting
Test Analyst,Analyst
Area Vice President Sales,Misc
"Director, Client Services",Misc
"Assistant Vice President, Consulting Management",Consulting
Cyber Security Senior Project Manager,Misc
Information Security Manager,Misc
Sales Managing Director,Misc
"Senior Director, Data Management",Misc
Digital Account Manager,Misc
Senior Cyber Security Analyst,Analyst
Director of Product Marketing,Product
Applications Systems Architect,Applications Developer/Engineer
Senior Site Reliability Engineer,Engineer
Operations Manager I,Misc
Data Consultant,Consulting
Inventory Management Specialist,Misc
Account Executive - Enterprise Corporate Sales,Misc
Communications Consultant,Consulting
Marketing Operations Manager,Misc
Field Marketing Manager,Misc
Enterprise Systems Engineer,Engineer
Principal Systems Design Engineer,Engineer
Principal Engineer - Software Development,Software Engineer
Inside Sales Account Executive,Misc
Systems Administrator Senior Professional,Misc
Distinguished MTS,Misc
Applications Analyst,Analyst
E-Business Consultant,Consulting
Software Manager,Software Engineer
Senior Product Manager I,Product
Senior Strategy Consultant,Consulting
Security Engineer II,Engineer
Administrator,Misc
BI Data Analyst,Analyst
Financial Accountant,Misc
Senior Strategy Associate,Consulting
Field Marketing,Misc
"Director, Project Manager",Misc
"Director, Marketing",Misc
Senior Technical Engineer,Engineer
Financial Analyst - Finance Development Program,Analyst
Pre-Sales Solutions Architect,Misc
Technical Engineer,Engineer
Software Engineering Manager II,Software Engineer
"Account Executive III, Enterprise Direct Sales",Misc
Technical Marketing Engineer,Engineer
Content Strategist,Misc
Procurement Manager,Misc
Enterprise Technical Support Senior Advisor,Misc
Supply Chain Analyst II,Analyst
Engineering Program Manager,Program Manager
Technical Support Engineer II,Engineer
Business Developent Consultant,Consulting
"Program Manager, Supply Chain",Program Manager
Inside Sales Account Manager,Misc
Process Engineer,Engineer
Senior Principal Product Manager,Product
"Senior Software Engineer, Development Lead",Software Engineer
Enterprise Solution Architect,Misc
Customer Technical Support,Misc
"Account Executive I, Enterprise Direct Sales",Misc
Account Manager II,Misc
Compensation Consultant,Consulting
Process Manager,Misc
Executive Communications Manager,Misc
"Support Engineer, Senior",Engineer
Senior Technical Writer,Misc
Senior National Account Manager,Misc
Senior Engineering Director,Engineer
"Senior Manager, Fraud Analysis",Misc
Learning and Development Specialist,Misc
Credit Risk Associate,Consulting
Customer Support Analyst,Analyst
"Director, Operations",Misc
Sales & Business Development Representative,Misc
Principal QA Engineer,Engineer
Lead Applications Developer,Applications Developer/Engineer
Site Support Engineer,Engineer
Principal Product Director,Product
Business & Systems Integration Consultant,Consulting
Research Associate,Consulting
"Associate Director, Account Management",Consulting
Project Manager IT,Misc
Director of Sales and Marketing,Misc
Aircraft Maintenance Technician,Misc
Client Services Coordinator,Misc
Trading Analyst,Analyst
IT Engineer,Engineer
Network Consulting Engineer,Consulting
"Senior Vice President, Private Equity",Misc
"Associate, Global Markets",Consulting
Software Engineer In Quality,Software Engineer
"Vice President, Banking",Misc
Site Manager,Misc
Technical Solutions Professional,Misc
Senior Engineer - Infrastructure,Engineer
Principal Designer,Designer
"Senior Director, Analytics Management",Misc
Operations Account Manager,Misc
Associate Business Manager,Consulting
Technology Director,Misc
Technical Business Analyst,Analyst
UX Specialist,Misc
Human Resources Coordinator,Misc
Strategic Business Analyst,Analyst
Director of Advertising Sales,Misc
Senior Director Talent Acquisition,Misc
"Senior Manager, Marketing Analytics",Misc
Business Intelligence,Misc
Technical Development Manager,Misc
"Engineer, Staff - Software QA",Software Engineer
Product Developer II,Product
Sales Agent,Misc
Marketing Specialist,Misc
Corporate Recruiter,Misc
Talent Sourcer,Misc
Relationship Manager I,Misc
Apparel Product Developer,Product
Senior QA Engineer,Engineer
Entry Level HR,HR
Senior Data Modeler,Misc
Collector,Misc
Senior Business Leader,Misc
Consumer Credit Analyst,Analyst
Customer Service Representative - Tech Support,Misc
Senior Systems Development Engineer,Engineer
Business Systems Analyst II,Analyst
Principal Business Consultant,Consulting
IT Developer,Software Engineer
Technology Analyst I,Analyst
QA Lead,Misc
Business Analyst IV,Analyst
"Associate, Sales and Trading",Consulting
Data Applications Engineer,Applications Developer/Engineer
"Vice President, Marketing",Misc
"Assistant Vice President, Technology",Misc
Quantitative Analyst/Researcher,Analyst
Vice President - Market Risk Management,Misc
Assistant Vice President - Senior Risk Analyst,Analyst
"Senior Vice President , Technology",Misc
Risk Manager/Vice President,Misc
Network Engineer Senior Staff,Engineer
Senior Android Developer,Software Engineer
Senior Business Intelligence Developer,Software Engineer
Strategy Analyst III,Analyst
Assistant Vice President - Systems Engineer,Engineer
PR Manager,Misc
CRM Developer,Software Engineer
Operations Manager,Business Operations
Senior Software Engineering Manager,Software Engineer
Platform Engineer,Engineer
Principal Associate Software Engineer,Software Engineer
People Manager,Misc
Campaign Manager,Misc
Assistant Vice President - Risk Analyst II,Analyst
Innovation Project Manager,Misc
Senior Information Security Engineer,Engineer
Financial Analyst Senior,Analyst
Quality Engineer II,Engineer
Systems Analyst II,Analyst
Senior Program Analyst,Analyst
Technical Program Manager II,Program Manager
"Senior Manager, Product Analytics",Product
Customer Care Specialist,Misc
"Director, Data Analysis",Misc
Financial Systems Analyst,Analyst
IT Analyst III,Analyst
Infrastructure Engineer III,Engineer
Strategic Planning Manager,Misc
Associate- Investment Bank Technology,Consulting
Operations Project Analyst,Business Operations
"Director, Corporate Development",Misc
Information Security Analyst,Analyst
Senior Director Risk Management,Misc
Product Manager/Strategy II,Product
Database Engineer,Engineer
"Director, Business Management",Misc
Business Development Executive,Misc
Quantitative Research Analyst,Analyst
Senior UI Developer,Software Engineer
Security Team Lead,Misc
Business Manager Leader,Misc
Underwriter,Misc
Systems Specialist II,Misc
Senior Product Manager I - Technical,Product
Business Intelligence Engineer II,Engineer
Sales & Service Specialist,Misc
"Director, HR Business Partner",HR
Solutions Architect I,Misc
Support Engineer III,Engineer
Economist,Misc
Business Development Manager II,Misc
Investigation Specialist,Misc
Network Development Engineer,Engineer
Senior Research Scientist,Misc
Human Resources Senior Manager,Misc
Senior Software Engineer III,Software Engineer
Operations Program Manager II,Program Manager
Lead Recruiter,Misc
Senior Software Engineering,Software Engineer
Customer Account Manager,Misc
Research Scientist III,Misc
Technical Account Manager,Misc
Senior Marketing Manager,Misc
Executive Administrative Assistant,Misc
Associate Business Development Consultant,Consulting
Principal Data Scientist,Data Scientist
Accounting Analyst,Analyst
Audio Visual Technician,Misc
Senior Customer Service Associate,Consulting
Data Center Technician,Misc
Program Manager I,Program Manager
Relationship Manager,Misc
"Senior Manager, Process Management",Misc
Senior Lead Engineer,Engineer
Risk Manager II,Misc
Senior Business Partner,Misc
"Director, Development",Misc
Principal Accountant,Misc
Technology Development Program Associate,Consulting
"Director, Product Manager",Product
Business Analyst Principal,Analyst
Analyst Recruiter,Analyst
Content Editor,Misc
Design Researcher,Designer
Software Development Manager III,Software Engineer
UX Researcher II,Misc
Business Director,Misc
Human Resources Specialist,Misc
Contracts Manager,Misc
QA Analyst I,Analyst
Vendor Manager,Misc
Creative Director,Misc
Cloud Support Engineer,Business Technology
Area Manager,Misc
Technical Writer/Editor,Misc
"Manager, Strategic Business Analysis",Misc
Senior Applied Scientist,Misc
Risk Operations Analyst,Analyst
"Manager, Private Equity",Misc
Vice President - Private Banking,Misc
Sales Associate,Consulting
Lead UX Designer,Designer
Event Marketing Manager,Misc
Infrastructure Manager,Misc
Associate Automation Engineer,Engineer
Engineering Lead,Engineer
Associate Implementation Specialist,Consulting
Vice President Client Services,Misc
Relationship Banker - Small Business Specialist,Misc
"Associate, Asset Management",Consulting
"Vice President, Data Scientist",Data Scientist
Design Verification Engineer,Designer
"Senior Product Manager, Ecommerce",Product
"Vice President, Software Engineering Management",Software Engineer
Software Engineering Director,Software Engineer
"Vice President, Marketing Product Manager",Product
Electrical Engineer,Engineer
Business Account Manager,Misc
Sales Operations,Misc
Product Design Engineer,Product
Design Assistant,Designer
Senior Executive Recruiter,Misc
"Vice President, Project Manager I",Misc
"Vice President, UX Management",Misc
Project Executive,Misc
Lead Data Analyst,Analyst
ETL Developer,Software Engineer
Software Test Engineer,Software Engineer
"Software Engineer, Applications Developer II",Software Engineer
Global UX Director,Misc
Senior Business Data Analyst,Analyst
Finance & Operation Analyst,Analyst
Software Development Engineer In Test III,Software Engineer
Senior Programmer Analyst,Analyst
Business Analyst Consultant,Consulting
Senior ETL Developer,Software Engineer
Principal Solutions Architect,Misc
Principal Technical Consultant,Consulting
"Director, Data Analyst",Analyst
"Vice President, Development",Misc
Finance Controller,Finance
"Managing Director, Asset Management",Misc
Vice President Legal,Misc
Senior Technical Analyst,Analyst
Data Analyst/Modeler,Analyst
"Assistant Vice President, Risk Modeler",Misc
Associate Trader,Consulting
SoC Design Engineer,Designer
Contract Administrator,Misc
Performance Test Engineer,Engineer
Help Desk Analyst,Analyst
Systems Administrator,Misc
"Associate, Tax",Consulting
"Associate Director, Security Management",Consulting
Operations Management,Misc
Lawyer,Misc
Senior Account Planner,Misc
Senior Tax Analyst,Analyst
Service Delivery,Misc
Principal Network Engineer,Engineer
Human Resources Associate,Consulting
Information Technology Analyst,Analyst
Product Manager/Strategy III,Product
Web Developer,Web Developer
"Manager, Strategy Development",Misc
UX Consultant,Consulting
"Manager, Financial Analysis",Misc
"Director, Information Technology",Misc
Client Financial Management Manager,Misc
IT Senior Specialist,Misc
Financial Services Consultant,Consulting
Senior Risk Associate,Consulting
Associate Risk Management,Consulting
"Director, IT Consulting",Consulting
"Executive Director, Customer Analytics",Misc
"Manager, Risk Consulting",Consulting
Associate Consulting Engineer,Consulting
Software QA Analyst,Analyst
Strategy & Operations Analyst,Analyst
Sales Operations Manager,Misc
Group Marketing Manager,Misc
Product Technical Architect,Product
Interaction Designer,Designer
Staffing Specialist,Misc
Group Product Manager,Product
Supply Chain Management,Misc
Business Operations Analyst,Business Operations
UX Manager,Misc
Field Account Executive,Misc
Technical Solutions Consultant II,Consulting
Product Operations Manager,Product
Technical Solutions Consultant,Consulting
Site Reliability Engineer III,Engineer
Senior Product Manager Technical Products,Product
Systems Developer,Software Engineer
Search Marketing Specialist,Misc
Design Director,Designer
Senior Associate - Logisticians,Consulting
QA Analyst,Analyst
Lead Solution Architect,Misc
Senior Technical Advisor,Misc
Client Service Consultant,Consulting
"Senior Project Manager, IT",Misc
IT Security Analyst,Analyst
Firmware Engineer III,Engineer
R&D Engineer I,Engineer
Staff Cloud Engineer,Business Technology
SQA Analyst,Analyst
"Senior Manager, Enterprise Applications",Applications Developer/Engineer
"Manager, ASIC Design Engineering",Designer
"Software Engineer III, Quality",Software Engineer
Marketing Engineer,Engineer
Staff Applications Engineer,Applications Developer/Engineer
Software QA Engineer IV,Software Engineer
Hardware Technical Lead,Misc
ASIC Design Verification Engineer,Designer
Integrated Marketing,Misc
Senior Firmware Engineer,Engineer
Staff QA Engineer,Engineer
Hardware Engineer IV,Engineer
Principal Research Software Development Engineer,Software Engineer
Technical Marketing Engineer II,Engineer
Systems Software Engineer VI,Software Engineer
Staff UX Researcher,Misc
"Manager, Sales",Misc
Corporate Counsel,Misc
FP&A Analyst,Analyst
Director of Global Marketing,Misc
Technical Analyst - Senior,Analyst
Senior Compliance Auditor,Misc
Systems Developer Specialist,Software Engineer
IT Infrastructure Manager,Misc
Software Systems Development Engineer,Software Engineer
Digital Content Manager,Misc
Senior Web Applications Developer,Web Developer
Project Management Team Lead,Misc
Staff Business Systems Analyst,Analyst
"Director, Business Operations",Business Operations
"Vice President, Customer Experience",Misc
Infrastructure Software Engineer,Software Engineer
"Manager, Relationship Management",Misc
Communications Associate Manager,Consulting
IT Operations,Misc
Quantitative Risk Associate,Consulting
HR leader,HR
"Account Manager, Sales Assistant",Misc
Staff Industrial Engineer,Engineer
Staff RF Engineer,Engineer
Supply Chain Professional,Misc
Senior R&D Engineer II,Engineer
Principal UI Developer,Software Engineer
Senior Scrum Master,Misc
Service and Support Manager,Misc
"Manager, Risk Management",Misc
Strategy Manager Leader,Misc
Safety Manager,Misc
Service Associate,Consulting
Senior Staff IT Engineer,Engineer
"Analyst, QA",Analyst
Senior Staff Applications Software Engineer,Software Engineer
"Software Engineer, Applications",Software Engineer
"Director, Technical Program Management",Misc
Principal Applications Engineer,Applications Developer/Engineer
Product Engineer II,Product
IC Design Automation Engineer,Designer
Principal Solution Engineer,Engineer
Senior Solutions Engineer,Engineer
Key Account Executive,Misc
Financial Systems Manager,Misc
Pre-Sales Engineer,Engineer
Senior Investment Banking Associate,Consulting
Senior Client Service Associate,Consulting
Financial Advisor Trainee,Misc
Senior Equity Research Associate,Consulting
"Managing Director, Sales and Trading",Misc
Scrum Master Manager,Misc
Business Systems Analyst,Analyst
Senior Software Development Engineer In Test,Software Engineer
Financial Services Specialist,Misc
Packaging Engineer,Engineer
Support Engineer II,Engineer
Circuit Design Engineer,Designer
Staff Engineer II,Engineer
Senior Product Marketing Manager,Product
Associate Technical Director,Consulting
Senior Principal Firmware Engineer,Engineer
Principal IC Design Engineer,Designer
Master Platform Engineer,Engineer
Product Marketing Engineer,Product
Senior R&D Engineer,Engineer
R&D Senior Software Engineer,Software Engineer
Enterprise Sales Engineer,Engineer
Project Analyst,Analyst
IT Program Manager,Program Manager
Business Administrator,Misc
"Senior Manager, Project Management",Misc
"Senior Manager, Risk / Compliance",Misc
Principal Software Architect,Software Engineer
"Manager, Sales Support",Misc
Financial Services Professional,Misc
Resource Manager,Misc
Risk Associate,Consulting
Project Manager Associate,Consulting
"Analyst, Tax",Analyst
Product Growth Manager,Product
Service & Operations Manager,Misc
Applications Developer Analyst,Analyst
Business Consultant I,Consulting
"Manager I, Distribution",Misc
Client Solution Manager,Misc
BI Data Architect,Misc
Lead Solutions Engineer,Engineer
"Manager, Solution Developer",Software Engineer
Search Marketing Manager,Misc
Project Manager II,Misc
Product Architect,Product
Partner Specialist,Misc
Business Transformation Consultant,Consulting
DevOps Engineer I,Engineer
Sales Solution Specialist,Misc
Senior Management Consulting Manager,Consulting
Solutions Consultant II,Consulting
Solutions Developer,Software Engineer
Senior Accounting Manager,Misc
Accountant/Financial Analyst,Analyst
Senior Technical Consultant,Consulting
Client Solutions Manager,Misc
Senior Manager of Finance,Finance
Project Coordinator,Misc
Product Software Engineer,Software Engineer
Site Merchandiser,Misc
"Senior Director, Engineering",Engineer
Engineer IV,Engineer
Buyer,Misc
Business Operations Manager,Business Operations
Operations Coach,Misc
Staff Product Manager,Product
Merchant,Misc
"Senior Manager, Business Analysis",Misc
Merchandise Operations Manager,Misc
Senior Manager - Logisticians,Misc
"Software Engineer, Applications IV",Software Engineer
Assistant Vice President - Senior Financial Associate,Consulting
Vice President - Senior Financial Analyst,Analyst
Lead UI Engineer,Engineer
Lead Applications Engineer,Applications Developer/Engineer
Applications Support Analyst,Analyst
Global Investment Banking Analyst,Analyst
IT Analyst,Analyst
Business Systems Analyst Senior,Analyst
Management Consulting Strategy Manager,Consulting
Technical Consultant II,Consulting
Senior Risk Analyst,Analyst
"Senior Director, Finance",Finance
Executive Team Leader - Food,Misc
Senior Programmer/Vice President,Misc
"Vice President, Human Capital Management",Misc
Principal Systems Administrator,Misc
Category Manager,Misc
Data Entry Processor,Misc
Advertising Analyst,Analyst
"Manager, Customer Success",Misc
Accounting Specialist,Misc
Associate Process Manager,Consulting
Store Associate,Consulting
Systems Administrator Professional,Misc
Technology Manager II,Misc
Operations Expert,Misc
Product Development Specialist,Product
Credit Risk Analytics Consultant,Consulting
Producer/Editor,Misc
Lead Technical Architect,Misc
Senior Account Analyst,Analyst
Management Consultant Associate I,Consulting
Senior Solution Architect,Misc
Senior UX Researcher,Misc
Audit Senior Manager,Misc
Information Security Associate,Consulting
Vice President - Financial Analysis Manager,Misc
Senior Service Engineer,Engineer
Product Controller,Product
Client Consulting Manager,Consulting
Senior Consulting Engineer,Consulting
Change Manager,Misc
Data Engineer I,Data Engineer
Senior Financial Accounting Analyst,Analyst
Security Manager,Misc
"Vice President, Financial Advisor",Misc
Consulting Software Engineer,Consulting
Director Business Affairs,Misc
"Vice President, Data Management",Misc
Senior Vice President Product Management,Product
"Vice President, Delivery Management",Misc
"Vice President, Administrative Management",Misc
Sales Support Analyst,Analyst
Associate IT Specialist,Consulting
Vice President - Corporate Services,Misc
Programmer,Misc
Vice President Product Development,Product
Associate Finance,Finance
Financial Analyst - Private Wealth Management,Analyst
Vice President - Global Consumer Product Development,Product
Senior Fraud Analyst,Analyst
Quality Engineer III,Engineer
"Associate Director, Security Management (Cyber)",Consulting
Product Strategy Director,Product
Sales & Trading Analyst,Analyst
Assistant Vice President - Product Strategy Analyst II,Analyst
Senior Real Estate Analyst,Analyst
"Vice President, Application Development",Applications Developer/Engineer
IT Associate,Consulting
Registered Client Services Associate,Consulting
Associate Wealth Management Advisor,Consulting
Associate Technical Manager,Consulting
"Vice President, Solutions Management",Misc
UX Engineer,Engineer
"Director, Finance",Finance
Senior Learning and Development Specialist,Misc
Senior Systems Engineer,Engineer
Human Resources Administrator,Misc
"Senior Specialist, Marketing",Misc
Senior Technical Recruiter,Misc
Market Analyst,Analyst
Director of Marketing,Misc
Design Manager,Designer
Global Director of Engineering,Engineer
Technical Manager,Misc
"Specialist, Sales Support & Analyst",Analyst
"Assistant Vice President, Wealth Management",Misc
"Associate, Risk / Compliance",Consulting
"Senior Manager, Software Development",Software Engineer
Associate Technical Staff,Consulting
Data Modeler,Misc
"Consultant, Systems Engineer",Consulting
"Vice President, Program Management",Misc
Vice President Risk Analyst,Analyst
"Vice President, Information Security",Misc
"Vice President, Operations",Misc
"Manager, Applications Development",Applications Developer/Engineer
"Director, Sales and Trading",Misc
Risk Compliance Analyst,Analyst
"Director, Technology",Misc
IT Help Desk Support,Misc
"Vice President, Audit Management",Misc
"Vice President, Product Manager",Product
Financial Advisor Associate,Consulting
Human Resources Executive,Misc
Associate Business Operations Analyst,Business Operations
Associate Technology Manager,Consulting
"Manager, Software Development II",Software Engineer
Operations Director,Misc
"Executive Director, Risk Management",Misc
Banking Associate,Consulting
Software Automation Engineer,Software Engineer
Director of Operations Engineering,Engineer
Staff Software Applications Engineer,Software Engineer
"Senior Director, Software Engineering",Software Engineer
Principal Engineer - Hardware Development,Engineer
Group Engineering Manager,Engineer
Commercial Account Executive,Misc
Network Engineer,Engineer
"Senior Director, Business Operations Management",Business Operations
Senior Hardware Engineer,Engineer
Optical Engineer,Engineer
Director of Hardware Engineering,Engineer
Software Data Engineer,Data Engineer
Senior Business Planner,Misc
"Director, Digital Design Engineering",Designer
Experienced UI Designer,Designer
Web Developer II,Web Developer
Staff Systems Engineer,Engineer
Director of Applications Development,Applications Developer/Engineer
Senior User Interaction Designer,Designer
Senior Product Manager II,Product
"Manager II, Distribution",Misc
Product Analyst Manager,Analyst
Quality Engineer IV,Engineer
Customer Service Manager,Misc
Technical Project Manager,Misc
Android Software Engineer,Software Engineer
Database Developer,Software Engineer
Principal Software Engineering Manager,Software Engineer
Supply Chain Analyst,Analyst
Senior Market Manager,Misc
Human Resource Analyst,Analyst
Operations Manager II,Misc
"Director, HR Management",HR
Digital Marketing,Misc
Director of Creative,Misc
Machine Learning Researcher,Data Scientist
Regional Manager Sales and Marketing,Misc
Content Developer,Software Engineer
Principal Data Engineer,Data Engineer
"Associate Director, Consulting & Sales Information",Consulting
Engineering Program Manager II,Program Manager
Support Escalation Engineer,Engineer
Assistant Barista Manager,Misc
Sales Specialist,Misc
Group Manager Marketing,Misc
Electrical Engineer II,Engineer
Human Resources Assistant Manager,Misc
Senior Security Analyst,Analyst
Escalation Engineer,Engineer
Business Planner,Misc
IT Support,Misc
